{"credit":"MadewithBlockbench","textures":{"0":"ausmoveis:travessura/texture_01_texture","1":"ausmoveis:travessura/texture_animation_03","particle":"ausmoveis:travessura/texture_01_texture"},"elements":[{"from":[2,0.5,11],"to":[14,8.5,11.5],"rotation":{"angle":22.5,"axis":"x","origin":[8,0.5,11]},"faces":{"north":{"uv":[8.6875,10.1875,10.1875,11.1875],"texture":"#0"},"east":{"uv":[10.1875,10.1875,10.25,11.1875],"texture":"#0"},"south":{"uv":[8.6875,11.1875,10.1875,12.1875],"texture":"#0"},"west":{"uv":[10.1875,10.1875,10.25,11.1875],"texture":"#0"},"up":{"uv":[8.6875,11.25,7.1875,11.3125],"texture":"#0"},"down":{"uv":[8.6875,11.25,7.1875,11.3125],"texture":"#0"}}},{"from":[2.5,1,10.9],"to":[13.5,8,10.9],"rotation":{"angle":22.5,"axis":"x","origin":[8,0.5,11]},"faces":{"north":{"uv":[0,0,11,7],"texture":"#1"}}},{"from":[2,0,3],"to":[14,0.5,11],"rotation":{"angle":0,"axis":"y","origin":[0,-0.5,-1]},"faces":{"north":{"uv":[7.1875,11.1875,8.6875,11.25],"texture":"#0"},"east":{"uv":[8.1875,10.125,7.1875,10.1875],"texture":"#0"},"south":{"uv":[7.1875,11.1875,8.6875,11.25],"texture":"#0"},"west":{"uv":[8.1875,10.125,7.1875,10.1875],"texture":"#0"},"up":{"uv":[8.6875,10.1875,7.1875,11.1875],"texture":"#0"},"down":{"uv":[10.1875,11.1875,8.6875,12.1875],"texture":"#0"}}}],"gui_light":"front","display":{"thirdperson_righthand":{"rotation":[67.5,0,0],"translation":[0,2.5,2.25],"scale":[0.38398,0.38398,0.38398]},"thirdperson_lefthand":{"rotation":[67.5,0,0],"translation":[0,2.5,2.25],"scale":[0.38398,0.38398,0.38398]},"firstperson_righthand":{"rotation":[0,180,0],"translation":[1.5,7.75,0.75],"scale":[0.78672,0.78672,0.78672]},"firstperson_lefthand":{"rotation":[0,180,0],"translation":[1.5,7.75,0.75],"scale":[0.78672,0.78672,0.78672]},"ground":{"translation":[0,6,0],"scale":[0.6,0.6,0.6]},"gui":{"rotation":[30,135,0],"translation":[-0.5,2.75,0],"scale":[0.87852,0.87852,0.87852]},"head":{"rotation":[0,-180,0],"translation":[0,-29.25,0],"scale":[1.73281,1.73281,1.73281]},"fixed":{"rotation":[-90,0,0],"translation":[-0.25,-1,-17.25],"scale":[2.16406,2.16406,2.16406]}}}