{"textures":{"0":"ausmobs:entity/qmob_silkfang"},"elements":[{"from":[1.1700487,-11.306055,6.9884253],"to":[7.5450487,-8.681053,8.488425],"faces":{"east":{"uv":[9.5,4.0,9.625,4.25],"tintindex":0,"rotation":0,"texture":"#0"},"south":{"uv":[9.375,10.25,9.875,10.5],"tintindex":0,"rotation":0,"texture":"#0"},"north":{"uv":[10.25,7.25,10.75,7.5],"tintindex":0,"rotation":0,"texture":"#0"},"west":{"uv":[9.625,5.125,9.75,5.375],"tintindex":0,"rotation":0,"texture":"#0"},"up":{"uv":[11.125,6.25,10.625,6.125],"tintindex":0,"rotation":0,"texture":"#0"},"down":{"uv":[11.125,9.125,10.625,9.25],"tintindex":0,"rotation":0,"texture":"#0"}},"rotation":{"origin":[4.7325487,-11.493555,7.7384253],"angle":22.5,"axis":"z"}},{"from":[-5.9549522,-12.806055,6.6134253],"to":[1.9200487,-8.681053,8.863425],"faces":{"east":{"uv":[2.375,10.5,2.625,10.875],"tintindex":0,"rotation":0,"texture":"#0"},"south":{"uv":[7.75,5.125,8.375,5.5],"tintindex":0,"rotation":0,"texture":"#0"},"north":{"uv":[7.375,6.125,8.0,6.5],"tintindex":0,"rotation":0,"texture":"#0"},"west":{"uv":[10.5,2.5,10.75,2.875],"tintindex":0,"rotation":0,"texture":"#0"},"up":{"uv":[10.625,9.375,10.0,9.125],"tintindex":0,"rotation":0,"texture":"#0"},"down":{"uv":[10.625,9.375,10.0,9.625],"tintindex":0,"rotation":0,"texture":"#0"}}},{"from":[-3.625,0.8115864,5.8634253],"to":[0.125,13.186586,9.613425],"faces":{"east":{"uv":[4.25,9.125,4.625,10.125],"tintindex":0,"rotation":0,"texture":"#0"},"south":{"uv":[4.625,9.125,5.0,10.125],"tintindex":0,"rotation":0,"texture":"#0"},"north":{"uv":[9.125,3.375,9.5,4.375],"tintindex":0,"rotation":0,"texture":"#0"},"west":{"uv":[5.0,9.125,5.375,10.125],"tintindex":0,"rotation":0,"texture":"#0"},"up":{"uv":[0.75,10.5,0.375,10.125],"tintindex":0,"rotation":0,"texture":"#0"},"down":{"uv":[10.5,0.375,10.125,0.75],"tintindex":0,"rotation":0,"texture":"#0"}},"rotation":{"origin":[6.875,5.3115864,7.7384253],"angle":45.0,"axis":"z"}},{"from":[-5.2049522,-10.181055,6.2384253],"to":[-2.5799513,3.318945,9.238425],"faces":{"east":{"uv":[8.625,9.625,8.875,10.75],"tintindex":0,"rotation":0,"texture":"#0"},"south":{"uv":[9.75,5.125,10.0,6.25],"tintindex":0,"rotation":0,"texture":"#0"},"north":{"uv":[6.875,9.625,7.125,10.75],"tintindex":0,"rotation":0,"texture":"#0"},"west":{"uv":[7.125,9.75,7.375,10.875],"tintindex":0,"rotation":0,"texture":"#0"},"up":{"uv":[10.875,8.875,10.625,8.625],"tintindex":0,"rotation":0,"texture":"#0"},"down":{"uv":[10.875,8.875,10.625,9.125],"tintindex":0,"rotation":0,"texture":"#0"}}},{"from":[5.375,-4.4384136,6.2384253],"to":[7.625,9.061586,9.238425],"faces":{"east":{"uv":[6.375,9.625,6.625,10.75],"tintindex":0,"rotation":0,"texture":"#0"},"south":{"uv":[6.625,9.625,6.875,10.75],"tintindex":0,"rotation":0,"texture":"#0"},"north":{"uv":[6.125,9.625,6.375,10.75],"tintindex":0,"rotation":0,"texture":"#0"},"west":{"uv":[9.625,6.625,9.875,7.75],"tintindex":0,"rotation":0,"texture":"#0"},"up":{"uv":[10.875,8.375,10.625,8.125],"tintindex":0,"rotation":0,"texture":"#0"},"down":{"uv":[10.875,8.375,10.625,8.625],"tintindex":0,"rotation":0,"texture":"#0"}},"rotation":{"origin":[6.875,5.3115864,7.7384253],"angle":-22.5,"axis":"z"}}],"display":{"gui":{"rotation":[30,225,0]}}}