{"textures":{"0":"ausmobs:entity/dragon_navidad_gm","particle":"#0"},"elements":[{"from":[9.958127,-7.8472137,7.6223516],"to":[9.958127,0.15278625,14.622353],"faces":{"east":{"uv":[6.34375,0.4375,6.78125,0.9375],"tintindex":0,"rotation":0,"texture":"#0"},"west":{"uv":[6.78125,0.4375,7.21875,0.9375],"tintindex":0,"rotation":0,"texture":"#0"}}}],"display":{"head":{"rotation":[18.585972,-7.5207615,-21.26765]},"firstperson_righthand":{"rotation":[18.585972,-7.5207615,-21.26765]},"thirdperson_lefthand":{"rotation":[18.585972,7.5207615,21.26765]},"firstperson_lefthand":{"rotation":[18.585972,7.5207615,21.26765]},"fixed":{"rotation":[18.585972,-7.5207615,-21.26765]},"ground":{"rotation":[18.585972,-7.5207615,-21.26765]},"thirdperson_righthand":{"rotation":[18.585972,-7.5207615,-21.26765]},"gui":{"rotation":[-172.65619,-34.883736,142.78575]}}}