{"textures":{"0":"ausmobs:entity/boss_tytius"},"elements":[{"from":[8.375,-4.4384136,6.2384253],"to":[10.625,9.061586,9.238425],"faces":{"east":{"uv":[7.625,9.75,7.875,10.875],"tintindex":0,"rotation":0,"texture":"#0"},"south":{"uv":[9.75,7.75,10.0,8.875],"tintindex":0,"rotation":0,"texture":"#0"},"north":{"uv":[7.375,9.75,7.625,10.875],"tintindex":0,"rotation":0,"texture":"#0"},"west":{"uv":[7.875,9.75,8.125,10.875],"tintindex":0,"rotation":0,"texture":"#0"},"up":{"uv":[10.875,9.5,10.625,9.25],"tintindex":0,"rotation":0,"texture":"#0"},"down":{"uv":[10.875,9.5,10.625,9.75],"tintindex":0,"rotation":0,"texture":"#0"}},"rotation":{"origin":[9.125,5.3115864,7.7384253],"angle":22.5,"axis":"z"}},{"from":[15.875,0.8115864,5.8634253],"to":[19.625,13.186586,9.613425],"faces":{"east":{"uv":[9.25,0.0,9.625,1.0],"tintindex":0,"rotation":0,"texture":"#0"},"south":{"uv":[9.25,4.375,9.625,5.375],"tintindex":0,"rotation":0,"texture":"#0"},"north":{"uv":[9.125,5.75,9.5,6.75],"tintindex":0,"rotation":0,"texture":"#0"},"west":{"uv":[1.625,9.375,2.0,10.375],"tintindex":0,"rotation":0,"texture":"#0"},"up":{"uv":[1.125,10.5,0.75,10.125],"tintindex":0,"rotation":0,"texture":"#0"},"down":{"uv":[10.5,0.75,10.125,1.125],"tintindex":0,"rotation":0,"texture":"#0"}},"rotation":{"origin":[9.125,5.3115864,7.7384253],"angle":-45.0,"axis":"z"}},{"from":[18.579952,-10.181055,6.2384253],"to":[21.204952,3.318945,9.238425],"faces":{"east":{"uv":[8.375,9.75,8.625,10.875],"tintindex":0,"rotation":0,"texture":"#0"},"south":{"uv":[8.875,9.75,9.125,10.875],"tintindex":0,"rotation":0,"texture":"#0"},"north":{"uv":[8.125,9.75,8.375,10.875],"tintindex":0,"rotation":0,"texture":"#0"},"west":{"uv":[9.75,8.875,10.0,10.0],"tintindex":0,"rotation":0,"texture":"#0"},"up":{"uv":[10.625,10.875,10.375,10.625],"tintindex":0,"rotation":0,"texture":"#0"},"down":{"uv":[10.875,10.625,10.625,10.875],"tintindex":0,"rotation":0,"texture":"#0"}}},{"from":[8.454951,-11.306055,6.9884253],"to":[14.829951,-8.681053,8.488425],"faces":{"east":{"uv":[9.625,7.75,9.75,8.0],"tintindex":0,"rotation":0,"texture":"#0"},"south":{"uv":[10.375,1.125,10.875,1.375],"tintindex":0,"rotation":0,"texture":"#0"},"north":{"uv":[9.875,10.25,10.375,10.5],"tintindex":0,"rotation":0,"texture":"#0"},"west":{"uv":[1.5,9.75,1.625,10.0],"tintindex":0,"rotation":0,"texture":"#0"},"up":{"uv":[11.125,9.875,10.625,9.75],"tintindex":0,"rotation":0,"texture":"#0"},"down":{"uv":[11.25,0.25,10.75,0.375],"tintindex":0,"rotation":0,"texture":"#0"}},"rotation":{"origin":[11.267451,-11.493555,7.7384253],"angle":-22.5,"axis":"z"}},{"from":[14.079951,-12.806055,6.6134253],"to":[21.954952,-8.681053,8.863425],"faces":{"east":{"uv":[2.625,10.5,2.875,10.875],"tintindex":0,"rotation":0,"texture":"#0"},"south":{"uv":[9.875,4.625,10.5,5.0],"tintindex":0,"rotation":0,"texture":"#0"},"north":{"uv":[8.125,3.375,8.75,3.75],"tintindex":0,"rotation":0,"texture":"#0"},"west":{"uv":[2.875,10.5,3.125,10.875],"tintindex":0,"rotation":0,"texture":"#0"},"up":{"uv":[10.625,9.875,10.0,9.625],"tintindex":0,"rotation":0,"texture":"#0"},"down":{"uv":[10.375,10.0,9.75,10.25],"tintindex":0,"rotation":0,"texture":"#0"}}}],"display":{"gui":{"rotation":[30,225,0]}}}