{"textures":{"0":"ausmobs:entity/dragon_navidad_gm"},"elements":[{"from":[4.0,8.0,8.0],"to":[12.0,11.0,16.0],"faces":{"east":{"uv":[2.21875,1.9375,2.46875,2.03125],"tintindex":0,"rotation":0,"texture":"#0"},"south":{"uv":[2.96875,1.9375,3.21875,2.03125],"tintindex":0,"rotation":0,"texture":"#0"},"north":{"uv":[2.46875,1.9375,2.71875,2.03125],"tintindex":0,"rotation":0,"texture":"#0"},"west":{"uv":[2.71875,1.9375,2.96875,2.03125],"tintindex":0,"rotation":0,"texture":"#0"},"up":{"uv":[2.71875,1.9375,2.46875,1.6875],"tintindex":0,"rotation":0,"texture":"#0"},"down":{"uv":[2.96875,1.6875,2.71875,1.9375],"tintindex":0,"rotation":0,"texture":"#0"}}},{"from":[5.0,11.0,9.0],"to":[11.0,14.0,15.0],"faces":{"east":{"uv":[2.21875,3.8125,2.40625,3.90625],"tintindex":0,"rotation":0,"texture":"#0"},"south":{"uv":[2.78125,3.8125,2.96875,3.90625],"tintindex":0,"rotation":0,"texture":"#0"},"north":{"uv":[2.40625,3.8125,2.59375,3.90625],"tintindex":0,"rotation":0,"texture":"#0"},"west":{"uv":[2.59375,3.8125,2.78125,3.90625],"tintindex":0,"rotation":0,"texture":"#0"},"up":{"uv":[2.59375,3.8125,2.40625,3.625],"tintindex":0,"rotation":0,"texture":"#0"},"down":{"uv":[2.78125,3.625,2.59375,3.8125],"tintindex":0,"rotation":0,"texture":"#0"}}}],"display":{"gui":{"rotation":[30,225,0]}}}