{"textures":{"0":"ausmobs:entity/dragon_navidad_gm"},"elements":[{"from":[3.7426405,7.5,-10.15],"to":[12.2426405,11.5,8.1],"faces":{"east":{"uv":[0.0,5.34375,1.125,5.59375],"tintindex":0,"rotation":0,"texture":"#0"},"south":{"uv":[2.78125,5.34375,3.3125,5.59375],"tintindex":0,"rotation":0,"texture":"#0"},"north":{"uv":[1.125,5.34375,1.65625,5.59375],"tintindex":0,"rotation":0,"texture":"#0"},"west":{"uv":[1.65625,5.34375,2.78125,5.59375],"tintindex":0,"rotation":0,"texture":"#0"},"up":{"uv":[1.65625,5.34375,1.125,4.21875],"tintindex":0,"rotation":0,"texture":"#0"},"down":{"uv":[2.1875,4.21875,1.65625,5.34375],"tintindex":0,"rotation":0,"texture":"#0"}}},{"from":[5.0,4.5,-10.0],"to":[11.0,10.5,8.0],"faces":{"east":{"uv":[1.90625,7.15625,3.03125,7.53125],"tintindex":0,"rotation":0,"texture":"#0"},"south":{"uv":[4.53125,7.15625,4.90625,7.53125],"tintindex":0,"rotation":0,"texture":"#0"},"north":{"uv":[3.03125,7.15625,3.40625,7.53125],"tintindex":0,"rotation":0,"texture":"#0"},"west":{"uv":[3.40625,7.15625,4.53125,7.53125],"tintindex":0,"rotation":0,"texture":"#0"},"up":{"uv":[3.40625,7.15625,3.03125,6.03125],"tintindex":0,"rotation":0,"texture":"#0"},"down":{"uv":[3.78125,6.03125,3.40625,7.15625],"tintindex":0,"rotation":0,"texture":"#0"}},"rotation":{"origin":[8.0,7.5,-4.5],"angle":45.0,"axis":"z"}},{"from":[8.0,8.5,-9.5],"to":[8.0,15.0,7.5],"faces":{"east":{"uv":[7.125,8.46875,8.1875,8.875],"tintindex":0,"rotation":0,"texture":"#0"},"west":{"uv":[8.1875,8.46875,9.25,8.875],"tintindex":0,"rotation":0,"texture":"#0"}}}],"display":{"gui":{"rotation":[30,225,0]}}}