{"textures":{"0":"ausmobs:entity/dragon_navidad_gm"},"elements":[{"from":[3.7426405,8.25,7.8499985],"to":[12.2426405,12.25,26.099998],"faces":{"east":{"uv":[2.21875,1.40625,3.34375,1.65625],"tintindex":0,"rotation":0,"texture":"#0"},"south":{"uv":[5.0,1.40625,5.53125,1.65625],"tintindex":0,"rotation":0,"texture":"#0"},"north":{"uv":[3.34375,1.40625,3.875,1.65625],"tintindex":0,"rotation":0,"texture":"#0"},"west":{"uv":[3.875,1.40625,5.0,1.65625],"tintindex":0,"rotation":0,"texture":"#0"},"up":{"uv":[3.875,1.40625,3.34375,0.28125],"tintindex":0,"rotation":0,"texture":"#0"},"down":{"uv":[4.40625,0.28125,3.875,1.40625],"tintindex":0,"rotation":0,"texture":"#0"}}},{"from":[5.0,5.25,8.0],"to":[11.0,11.25,26.0],"faces":{"east":{"uv":[4.4375,4.75,5.5625,5.125],"tintindex":0,"rotation":0,"texture":"#0"},"south":{"uv":[7.0625,4.75,7.4375,5.125],"tintindex":0,"rotation":0,"texture":"#0"},"north":{"uv":[5.5625,4.75,5.9375,5.125],"tintindex":0,"rotation":0,"texture":"#0"},"west":{"uv":[5.9375,4.75,7.0625,5.125],"tintindex":0,"rotation":0,"texture":"#0"},"up":{"uv":[5.9375,4.75,5.5625,3.625],"tintindex":0,"rotation":0,"texture":"#0"},"down":{"uv":[6.3125,3.625,5.9375,4.75],"tintindex":0,"rotation":0,"texture":"#0"}},"rotation":{"origin":[8.0,8.25,13.5],"angle":45.0,"axis":"z"}},{"from":[8.0,9.25,8.5],"to":[8.0,15.75,25.5],"faces":{"east":{"uv":[6.40625,4.0625,7.46875,4.46875],"tintindex":0,"rotation":0,"texture":"#0"},"west":{"uv":[7.46875,4.0625,8.53125,4.46875],"tintindex":0,"rotation":0,"texture":"#0"}}}],"display":{"gui":{"rotation":[30,225,0]}}}