{"textures":{"0":"ausmobs:entity/dragon_navidad_gm"},"elements":[{"from":[5.0,5.25,8.0],"to":[11.0,11.25,26.0],"faces":{"east":{"uv":[4.125,6.28125,5.25,6.65625],"tintindex":0,"rotation":0,"texture":"#0"},"south":{"uv":[6.75,6.28125,7.125,6.65625],"tintindex":0,"rotation":0,"texture":"#0"},"north":{"uv":[5.25,6.28125,5.625,6.65625],"tintindex":0,"rotation":0,"texture":"#0"},"west":{"uv":[5.625,6.28125,6.75,6.65625],"tintindex":0,"rotation":0,"texture":"#0"},"up":{"uv":[5.625,6.28125,5.25,5.15625],"tintindex":0,"rotation":0,"texture":"#0"},"down":{"uv":[6.0,5.15625,5.625,6.28125],"tintindex":0,"rotation":0,"texture":"#0"}},"rotation":{"origin":[8.0,8.25,13.5],"angle":45.0,"axis":"z"}},{"from":[3.7426405,8.25,7.8500004],"to":[12.2426405,12.25,26.099998],"faces":{"east":{"uv":[0.0,3.9375,1.125,4.1875],"tintindex":0,"rotation":0,"texture":"#0"},"south":{"uv":[2.78125,3.9375,3.3125,4.1875],"tintindex":0,"rotation":0,"texture":"#0"},"north":{"uv":[1.125,3.9375,1.65625,4.1875],"tintindex":0,"rotation":0,"texture":"#0"},"west":{"uv":[1.65625,3.9375,2.78125,4.1875],"tintindex":0,"rotation":0,"texture":"#0"},"up":{"uv":[1.65625,3.9375,1.125,2.8125],"tintindex":0,"rotation":0,"texture":"#0"},"down":{"uv":[2.1875,2.8125,1.65625,3.9375],"tintindex":0,"rotation":0,"texture":"#0"}}},{"from":[8.0,9.25,8.5],"to":[8.0,15.75,25.5],"faces":{"east":{"uv":[6.03125,8.03125,7.09375,8.4375],"tintindex":0,"rotation":0,"texture":"#0"},"west":{"uv":[7.09375,8.03125,8.15625,8.4375],"tintindex":0,"rotation":0,"texture":"#0"}}}],"display":{"gui":{"rotation":[30,225,0]}}}