{"textures":{"0":"ausmobs:entity/dragon_navidad_gm"},"elements":[{"from":[8.0,9.25,8.5],"to":[8.0,15.75,25.5],"faces":{"east":{"uv":[3.875,7.75,4.9375,8.15625],"tintindex":0,"rotation":0,"texture":"#0"},"west":{"uv":[4.9375,7.75,6.0,8.15625],"tintindex":0,"rotation":0,"texture":"#0"}}},{"from":[5.0,5.25,8.0],"to":[11.0,11.25,26.0],"faces":{"east":{"uv":[2.21875,5.625,3.34375,6.0],"tintindex":0,"rotation":0,"texture":"#0"},"south":{"uv":[4.84375,5.625,5.21875,6.0],"tintindex":0,"rotation":0,"texture":"#0"},"north":{"uv":[3.34375,5.625,3.71875,6.0],"tintindex":0,"rotation":0,"texture":"#0"},"west":{"uv":[3.71875,5.625,4.84375,6.0],"tintindex":0,"rotation":0,"texture":"#0"},"up":{"uv":[3.71875,5.625,3.34375,4.5],"tintindex":0,"rotation":0,"texture":"#0"},"down":{"uv":[4.09375,4.5,3.71875,5.625],"tintindex":0,"rotation":0,"texture":"#0"}},"rotation":{"origin":[8.0,8.25,13.5],"angle":45.0,"axis":"z"}},{"from":[3.7426405,8.25,7.8499985],"to":[12.2426405,12.25,26.099998],"faces":{"east":{"uv":[2.21875,2.8125,3.34375,3.0625],"tintindex":0,"rotation":0,"texture":"#0"},"south":{"uv":[5.0,2.8125,5.53125,3.0625],"tintindex":0,"rotation":0,"texture":"#0"},"north":{"uv":[3.34375,2.8125,3.875,3.0625],"tintindex":0,"rotation":0,"texture":"#0"},"west":{"uv":[3.875,2.8125,5.0,3.0625],"tintindex":0,"rotation":0,"texture":"#0"},"up":{"uv":[3.875,2.8125,3.34375,1.6875],"tintindex":0,"rotation":0,"texture":"#0"},"down":{"uv":[4.40625,1.6875,3.875,2.8125],"tintindex":0,"rotation":0,"texture":"#0"}}}],"display":{"gui":{"rotation":[30,225,0]}}}