{"textures":{"0":"ausmobs:entity/dragon_navidad_gm"},"elements":[{"from":[3.7426405,8.25,7.8499985],"to":[12.2426405,12.25,26.099998],"faces":{"east":{"uv":[0.0,1.125,1.125,1.375],"tintindex":0,"rotation":0,"texture":"#0"},"south":{"uv":[2.78125,1.125,3.3125,1.375],"tintindex":0,"rotation":0,"texture":"#0"},"north":{"uv":[1.125,1.125,1.65625,1.375],"tintindex":0,"rotation":0,"texture":"#0"},"west":{"uv":[1.65625,1.125,2.78125,1.375],"tintindex":0,"rotation":0,"texture":"#0"},"up":{"uv":[1.65625,1.125,1.125,0.0],"tintindex":0,"rotation":0,"texture":"#0"},"down":{"uv":[2.1875,0.0,1.65625,1.125],"tintindex":0,"rotation":0,"texture":"#0"}}},{"from":[5.0,5.25,8.0],"to":[11.0,11.25,26.0],"faces":{"east":{"uv":[4.4375,1.6875,5.5625,2.0625],"tintindex":0,"rotation":0,"texture":"#0"},"south":{"uv":[7.0625,1.6875,7.4375,2.0625],"tintindex":0,"rotation":0,"texture":"#0"},"north":{"uv":[5.5625,1.6875,5.9375,2.0625],"tintindex":0,"rotation":0,"texture":"#0"},"west":{"uv":[5.9375,1.6875,7.0625,2.0625],"tintindex":0,"rotation":0,"texture":"#0"},"up":{"uv":[5.9375,1.6875,5.5625,0.5625],"tintindex":0,"rotation":0,"texture":"#0"},"down":{"uv":[6.3125,0.5625,5.9375,1.6875],"tintindex":0,"rotation":0,"texture":"#0"}},"rotation":{"origin":[8.0,8.25,13.5],"angle":45.0,"axis":"z"}},{"from":[8.0,9.25,8.5],"to":[8.0,15.75,25.5],"faces":{"east":{"uv":[6.34375,1.0625,7.40625,1.46875],"tintindex":0,"rotation":0,"texture":"#0"},"west":{"uv":[7.40625,1.0625,8.46875,1.46875],"tintindex":0,"rotation":0,"texture":"#0"}}}],"display":{"gui":{"rotation":[30,225,0]}}}