{"textures":{"0":"ausmobs:entity/dragon_navidad_gm"},"elements":[{"from":[13.976565,-14.102787,-3.8817596],"to":[13.976565,1.8972139,10.11824],"faces":{"east":{"uv":[7.15625,9.34375,7.59375,9.84375],"tintindex":0,"rotation":0,"texture":"#0"},"west":{"uv":[7.59375,9.34375,8.03125,9.84375],"tintindex":0,"rotation":0,"texture":"#0"}},"rotation":{"origin":[8.035041,-1.1337957,3.8682404],"angle":22.5,"axis":"z"}},{"from":[7.964959,-13.133797,-3.8817596],"to":[7.964959,2.8662043,10.11824],"faces":{"east":{"uv":[8.9375,5.15625,9.375,5.65625],"tintindex":0,"rotation":0,"texture":"#0"},"west":{"uv":[9.375,5.15625,9.8125,5.65625],"tintindex":0,"rotation":0,"texture":"#0"}},"rotation":{"origin":[8.035041,-1.1337957,3.8682404],"angle":45.0,"axis":"x"}},{"from":[2.4072995,-14.860325,-3.8817596],"to":[2.4072995,1.1396761,10.11824],"faces":{"east":{"uv":[8.84375,8.90625,9.28125,9.40625],"tintindex":0,"rotation":0,"texture":"#0"},"west":{"uv":[9.28125,8.90625,9.71875,9.40625],"tintindex":0,"rotation":0,"texture":"#0"}},"rotation":{"origin":[8.035041,-1.1337957,3.8682404],"angle":45.0,"axis":"x"}},{"from":[0.46495914,-1.1337957,0.11824036],"to":[15.464959,8.866204,9.11824],"faces":{"east":{"uv":[8.0,6.0,8.28125,6.3125],"tintindex":0,"rotation":0,"texture":"#0"},"south":{"uv":[9.03125,6.0,9.5,6.3125],"tintindex":0,"rotation":0,"texture":"#0"},"north":{"uv":[8.28125,6.0,8.75,6.3125],"tintindex":0,"rotation":0,"texture":"#0"},"west":{"uv":[8.75,6.0,9.03125,6.3125],"tintindex":0,"rotation":0,"texture":"#0"},"up":{"uv":[8.75,6.0,8.28125,5.71875],"tintindex":0,"rotation":0,"texture":"#0"},"down":{"uv":[9.21875,5.71875,8.75,6.0],"tintindex":0,"rotation":0,"texture":"#0"}},"rotation":{"origin":[8.035041,-0.13379574,3.8682404],"angle":22.5,"axis":"x"}}],"display":{"gui":{"rotation":[30,225,0]}}}