{"credit":"MadewithBlockbench","texture_size":[28,28],"textures":{"1":"ausmoveis:oriental/interior/cadeira_vermelha"},"elements":[{"from":[2,0,2],"to":[14,8,14],"rotation":{"angle":0,"axis":"y","origin":[8,6.25,8]},"faces":{"north":{"uv":[6.85714,6.85714,13.71429,11.42857],"texture":"#1"},"east":{"uv":[6.85714,6.85714,13.71429,11.42857],"texture":"#1"},"south":{"uv":[6.85714,6.85714,13.71429,11.42857],"texture":"#1"},"west":{"uv":[6.85714,6.85714,13.71429,11.42857],"texture":"#1"},"up":{"uv":[6.85714,0,13.71429,6.85714],"texture":"#1"},"down":{"uv":[6.85714,0,13.71429,6.85714],"texture":"#1"}}},{"from":[3,8,3],"to":[13,9,13],"rotation":{"angle":0,"axis":"y","origin":[8,6.25,8]},"faces":{"north":{"uv":[0,0,5.71429,0.57143],"texture":"#1"},"east":{"uv":[0,0,5.71429,0.57143],"texture":"#1"},"south":{"uv":[0,0,5.71429,0.57143],"texture":"#1"},"west":{"uv":[0,0,5.71429,0.57143],"texture":"#1"},"up":{"uv":[0,0.57143,5.71429,6.28571],"texture":"#1"},"down":{"uv":[0,0.57143,5.71429,6.28571],"texture":"#1"}}}],"gui_light":"front","display":{"thirdperson_righthand":{"rotation":[67.5,0,0],"translation":[0,2.5,0.75],"scale":[0.35156,0.35156,0.35156]},"thirdperson_lefthand":{"rotation":[67.5,0,0],"translation":[0,2.5,0.75],"scale":[0.35156,0.35156,0.35156]},"firstperson_righthand":{"translation":[0,4.75,0],"scale":[0.58398,0.58398,0.58398]},"firstperson_lefthand":{"translation":[0,4.75,0],"scale":[0.58398,0.58398,0.58398]},"ground":{"translation":[0,6.5,0],"scale":[0.65234,0.65234,0.65234]},"gui":{"rotation":[30,135,0],"translation":[0.25,2.5,0],"scale":[0.81211,0.81211,0.81211]},"head":{"translation":[-24,-16.75,0],"scale":[0,0,0]},"fixed":{"rotation":[-90,0,0],"translation":[-0.25,-0.25,-18.25],"scale":[2.3,2.3,2.3]}}}