{"textures":{"0":"ausmobs:entity/dragon_navidad_gm","particle":"#0"},"elements":[{"from":[10.139531,-13.840187,-2.4602814],"to":[10.139531,2.159814,11.539719],"faces":{"east":{"uv":[7.15625,9.34375,7.59375,9.84375],"tintindex":0,"rotation":0,"texture":"#0"},"west":{"uv":[7.59375,9.34375,8.03125,9.84375],"tintindex":0,"rotation":0,"texture":"#0"}}}],"display":{"head":{"rotation":[8.5958,-5.684223,21.806328]},"firstperson_righthand":{"rotation":[8.5958,-5.684223,21.806328]},"thirdperson_lefthand":{"rotation":[8.5958,5.684223,-21.806328]},"firstperson_lefthand":{"rotation":[8.5958,5.684223,-21.806328]},"fixed":{"rotation":[8.5958,-5.684223,21.806328]},"ground":{"rotation":[8.5958,-5.684223,21.806328]},"thirdperson_righthand":{"rotation":[8.5958,-5.684223,21.806328]},"gui":{"rotation":[-160.99127,-38.732872,-165.98021]}}}