{"textures":{"0":"ausmobs:entity/dragon_navidad_gm","particle":"#0"},"elements":[{"from":[6.238999,-9.190498,8.82602],"to":[6.238999,6.8095007,22.82602],"faces":{"east":{"uv":[8.84375,8.90625,9.28125,9.40625],"tintindex":0,"rotation":0,"texture":"#0"},"west":{"uv":[9.28125,8.90625,9.71875,9.40625],"tintindex":0,"rotation":0,"texture":"#0"}}}],"display":{"head":{"rotation":[90.99761,-21.075928,-8.063399]},"firstperson_righthand":{"rotation":[90.99761,-21.075928,-8.063399]},"thirdperson_lefthand":{"rotation":[90.99761,21.075928,8.063399]},"firstperson_lefthand":{"rotation":[90.99761,21.075928,8.063399]},"fixed":{"rotation":[90.99761,-21.075928,-8.063399]},"ground":{"rotation":[90.99761,-21.075928,-8.063399]},"thirdperson_righthand":{"rotation":[90.99761,-21.075928,-8.063399]},"gui":{"rotation":[134.58691,15.412514,124.76663]}}}