{"textures":{"0":"ausmobs:entity/dragon_navidad_gm","particle":"#0"},"elements":[{"from":[15.042501,2.789011,6.3423004],"to":[17.042503,15.789013,8.3423],"faces":{"east":{"uv":[4.4375,0.9375,4.5,1.34375],"tintindex":0,"rotation":0,"texture":"#0"},"south":{"uv":[4.625,0.9375,4.6875,1.34375],"tintindex":0,"rotation":0,"texture":"#0"},"north":{"uv":[4.5,0.9375,4.5625,1.34375],"tintindex":0,"rotation":0,"texture":"#0"},"west":{"uv":[4.5625,0.9375,4.625,1.34375],"tintindex":0,"rotation":0,"texture":"#0"},"up":{"uv":[4.5625,0.9375,4.5,0.875],"tintindex":0,"rotation":0,"texture":"#0"},"down":{"uv":[4.625,0.875,4.5625,0.9375],"tintindex":0,"rotation":0,"texture":"#0"}},"rotation":{"origin":[11.135145,5.2049026,7.8922997],"angle":-22.5,"axis":"z"}},{"from":[18.829113,6.2867393,8.3423],"to":[20.829113,13.286739,10.3423],"faces":{"east":{"uv":[0.46875,4.28125,0.53125,4.5],"tintindex":0,"rotation":0,"texture":"#0"},"south":{"uv":[0.65625,4.28125,0.71875,4.5],"tintindex":0,"rotation":0,"texture":"#0"},"north":{"uv":[0.53125,4.28125,0.59375,4.5],"tintindex":0,"rotation":0,"texture":"#0"},"west":{"uv":[0.59375,4.28125,0.65625,4.5],"tintindex":0,"rotation":0,"texture":"#0"},"up":{"uv":[0.59375,4.28125,0.53125,4.21875],"tintindex":0,"rotation":0,"texture":"#0"},"down":{"uv":[0.65625,4.21875,0.59375,4.28125],"tintindex":0,"rotation":0,"texture":"#0"}},"rotation":{"origin":[10.435144,3.8049011,9.292301],"angle":22.5,"axis":"z"}},{"from":[-1.2708883,3.186739,6.3423004],"to":[0.7291112,16.186737,8.3423],"faces":{"east":{"uv":[3.0625,3.15625,3.125,3.5625],"tintindex":0,"rotation":0,"texture":"#0"},"south":{"uv":[3.25,3.15625,3.3125,3.5625],"tintindex":0,"rotation":0,"texture":"#0"},"north":{"uv":[3.125,3.15625,3.1875,3.5625],"tintindex":0,"rotation":0,"texture":"#0"},"west":{"uv":[3.1875,3.15625,3.25,3.5625],"tintindex":0,"rotation":0,"texture":"#0"},"up":{"uv":[3.1875,3.15625,3.125,3.09375],"tintindex":0,"rotation":0,"texture":"#0"},"down":{"uv":[3.25,3.09375,3.1875,3.15625],"tintindex":0,"rotation":0,"texture":"#0"}},"rotation":{"origin":[5.335145,5.2049026,7.8922997],"angle":22.5,"axis":"z"}},{"from":[-4.6188107,6.597252,6.942301],"to":[-2.6188107,13.597252,8.942301],"faces":{"east":{"uv":[0.75,4.28125,0.8125,4.5],"tintindex":0,"rotation":0,"texture":"#0"},"south":{"uv":[0.9375,4.28125,1.0,4.5],"tintindex":0,"rotation":0,"texture":"#0"},"north":{"uv":[0.8125,4.28125,0.875,4.5],"tintindex":0,"rotation":0,"texture":"#0"},"west":{"uv":[0.875,4.28125,0.9375,4.5],"tintindex":0,"rotation":0,"texture":"#0"},"up":{"uv":[0.875,4.28125,0.8125,4.21875],"tintindex":0,"rotation":0,"texture":"#0"},"down":{"uv":[0.9375,4.21875,0.875,4.28125],"tintindex":0,"rotation":0,"texture":"#0"}},"rotation":{"origin":[5.335145,5.2049026,7.8922997],"angle":-22.5,"axis":"z"}},{"from":[10.450037,15.992142,8.8423],"to":[12.450036,22.992142,10.8423],"faces":{"east":{"uv":[0.0,4.28125,0.0625,4.5],"tintindex":0,"rotation":0,"texture":"#0"},"south":{"uv":[0.1875,4.28125,0.25,4.5],"tintindex":0,"rotation":0,"texture":"#0"},"north":{"uv":[0.0625,4.28125,0.125,4.5],"tintindex":0,"rotation":0,"texture":"#0"},"west":{"uv":[0.125,4.28125,0.1875,4.5],"tintindex":0,"rotation":0,"texture":"#0"},"up":{"uv":[0.125,4.28125,0.0625,4.21875],"tintindex":0,"rotation":0,"texture":"#0"},"down":{"uv":[0.1875,4.21875,0.125,4.28125],"tintindex":0,"rotation":0,"texture":"#0"}},"rotation":{"origin":[10.435144,3.8049011,9.292301],"angle":-22.5,"axis":"z"}},{"from":[3.0133371,16.65118,7.442301],"to":[5.0133376,23.65118,9.442301],"faces":{"east":{"uv":[3.0,3.65625,3.0625,3.875],"tintindex":0,"rotation":0,"texture":"#0"},"south":{"uv":[3.1875,3.65625,3.25,3.875],"tintindex":0,"rotation":0,"texture":"#0"},"north":{"uv":[3.0625,3.65625,3.125,3.875],"tintindex":0,"rotation":0,"texture":"#0"},"west":{"uv":[3.125,3.65625,3.1875,3.875],"tintindex":0,"rotation":0,"texture":"#0"},"up":{"uv":[3.125,3.65625,3.0625,3.59375],"tintindex":0,"rotation":0,"texture":"#0"},"down":{"uv":[3.1875,3.59375,3.125,3.65625],"tintindex":0,"rotation":0,"texture":"#0"}},"rotation":{"origin":[5.335145,5.2049026,7.8922997],"angle":22.5,"axis":"z"}}],"display":{"head":{"rotation":[0.0,0.0,0.0]},"firstperson_righthand":{"rotation":[0.0,0.0,0.0]},"thirdperson_lefthand":{"rotation":[0.0,-0.0,-0.0]},"firstperson_lefthand":{"rotation":[0.0,-0.0,-0.0]},"fixed":{"rotation":[0.0,0.0,0.0]},"ground":{"rotation":[0.0,0.0,0.0]},"thirdperson_righthand":{"rotation":[0.0,0.0,0.0]},"gui":{"rotation":[-150.0,-45.0,180.0]}}}