{"textures":{"0":"ausmobs:entity/dragon_navidad_gm"},"elements":[{"from":[4.0,23.5,-5.5],"to":[12.0,26.5,2.5],"faces":{"east":{"uv":[4.96875,7.46875,5.46875,7.65625],"tintindex":0,"rotation":0,"texture":"#0"},"south":{"uv":[6.46875,7.46875,6.96875,7.65625],"tintindex":0,"rotation":0,"texture":"#0"},"north":{"uv":[5.46875,7.46875,5.96875,7.65625],"tintindex":0,"rotation":0,"texture":"#0"},"west":{"uv":[5.96875,7.46875,6.46875,7.65625],"tintindex":0,"rotation":0,"texture":"#0"},"up":{"uv":[5.96875,7.46875,5.46875,6.96875],"tintindex":0,"rotation":0,"texture":"#0"},"down":{"uv":[6.46875,6.96875,5.96875,7.46875],"tintindex":0,"rotation":0,"texture":"#0"}}}],"display":{"gui":{"rotation":[30,225,0]}}}