{"textures":{"0":"ausmobs:entity/dragon_navidad_gm","particle":"#0"},"elements":[{"from":[5.9324794,-9.314407,4.3125],"to":[5.9324794,-1.3144073,11.3125],"faces":{"east":{"uv":[0.0,4.65625,0.4375,5.15625],"tintindex":0,"rotation":0,"texture":"#0"},"west":{"uv":[0.4375,4.65625,0.875,5.15625],"tintindex":0,"rotation":0,"texture":"#0"}},"rotation":{"origin":[9.482479,-2.8144073,6.5625],"angle":-22.5,"axis":"z"}},{"from":[6.2324796,-2.3144073,6.3125],"to":[9.732479,8.185593,10.8125],"faces":{"east":{"uv":[2.21875,0.28125,2.5,0.9375],"tintindex":0,"rotation":0,"texture":"#0"},"south":{"uv":[3.0,0.28125,3.21875,0.9375],"tintindex":0,"rotation":0,"texture":"#0"},"north":{"uv":[2.5,0.28125,2.71875,0.9375],"tintindex":0,"rotation":0,"texture":"#0"},"west":{"uv":[2.71875,0.28125,3.0,0.9375],"tintindex":0,"rotation":0,"texture":"#0"},"up":{"uv":[2.71875,0.28125,2.5,0.0],"tintindex":0,"rotation":0,"texture":"#0"},"down":{"uv":[2.9375,0.0,2.71875,0.28125],"tintindex":0,"rotation":0,"texture":"#0"}}},{"from":[7.9824796,-7.8144073,4.3125],"to":[7.9824796,0.18559217,11.3125],"faces":{"east":{"uv":[6.03125,5.71875,6.46875,6.21875],"tintindex":0,"rotation":0,"texture":"#0"},"west":{"uv":[6.46875,5.71875,6.90625,6.21875],"tintindex":0,"rotation":0,"texture":"#0"}}}],"display":{"head":{"rotation":[0.0,0.0,0.0]},"firstperson_righthand":{"rotation":[0.0,0.0,0.0]},"thirdperson_lefthand":{"rotation":[0.0,-0.0,-0.0]},"firstperson_lefthand":{"rotation":[0.0,-0.0,-0.0]},"fixed":{"rotation":[0.0,0.0,0.0]},"ground":{"rotation":[0.0,0.0,0.0]},"thirdperson_righthand":{"rotation":[0.0,0.0,0.0]},"gui":{"rotation":[-150.0,-45.0,180.0]}}}