{"textures":{"0":"ausmobs:entity/dragon_navidad_gm"},"elements":[{"from":[10.482479,-7.8144073,4.3125],"to":[10.482479,0.18559217,11.3125],"faces":{"east":{"uv":[7.125,7.40625,7.5625,7.90625],"tintindex":0,"rotation":0,"texture":"#0"},"west":{"uv":[7.5625,7.40625,8.0,7.90625],"tintindex":0,"rotation":0,"texture":"#0"}},"rotation":{"origin":[9.482479,-2.8144073,6.5625],"angle":22.5,"axis":"z"}},{"from":[7.9824796,-7.8144073,4.3125],"to":[7.9824796,0.18559217,11.3125],"faces":{"east":{"uv":[0.0,7.59375,0.4375,8.09375],"tintindex":0,"rotation":0,"texture":"#0"},"west":{"uv":[0.4375,7.59375,0.875,8.09375],"tintindex":0,"rotation":0,"texture":"#0"}}},{"from":[6.2324796,-2.3144073,6.3125],"to":[9.732479,8.185593,10.8125],"faces":{"east":{"uv":[0.0,3.09375,0.28125,3.75],"tintindex":0,"rotation":0,"texture":"#0"},"south":{"uv":[0.78125,3.09375,1.0,3.75],"tintindex":0,"rotation":0,"texture":"#0"},"north":{"uv":[0.28125,3.09375,0.5,3.75],"tintindex":0,"rotation":0,"texture":"#0"},"west":{"uv":[0.5,3.09375,0.78125,3.75],"tintindex":0,"rotation":0,"texture":"#0"},"up":{"uv":[0.5,3.09375,0.28125,2.8125],"tintindex":0,"rotation":0,"texture":"#0"},"down":{"uv":[0.71875,2.8125,0.5,3.09375],"tintindex":0,"rotation":0,"texture":"#0"}}},{"from":[5.93248,-9.314407,4.3125],"to":[5.93248,-1.3144073,11.3125],"faces":{"east":{"uv":[6.34375,0.4375,6.78125,0.9375],"tintindex":0,"rotation":0,"texture":"#0"},"west":{"uv":[6.78125,0.4375,7.21875,0.9375],"tintindex":0,"rotation":0,"texture":"#0"}},"rotation":{"origin":[9.482479,-2.8144073,6.5625],"angle":-22.5,"axis":"z"}}],"display":{"gui":{"rotation":[30,225,0]}}}