{"textures":{"0":"ausmobs:entity/dragon_navidad_gm","particle":"#0"},"elements":[{"from":[5.0,5.25,8.0],"to":[11.0,11.25,26.0],"faces":{"east":{"uv":[4.4375,3.21875,5.5625,3.59375],"tintindex":0,"rotation":0,"texture":"#0"},"south":{"uv":[7.0625,3.21875,7.4375,3.59375],"tintindex":0,"rotation":0,"texture":"#0"},"north":{"uv":[5.5625,3.21875,5.9375,3.59375],"tintindex":0,"rotation":0,"texture":"#0"},"west":{"uv":[5.9375,3.21875,7.0625,3.59375],"tintindex":0,"rotation":0,"texture":"#0"},"up":{"uv":[5.9375,3.21875,5.5625,2.09375],"tintindex":0,"rotation":0,"texture":"#0"},"down":{"uv":[6.3125,2.09375,5.9375,3.21875],"tintindex":0,"rotation":0,"texture":"#0"}},"rotation":{"origin":[8.0,8.25,13.5],"angle":45.0,"axis":"z"}},{"from":[8.0,9.25,8.5],"to":[8.0,15.75,25.5],"faces":{"east":{"uv":[6.40625,2.5625,7.46875,2.96875],"tintindex":0,"rotation":0,"texture":"#0"},"west":{"uv":[7.46875,2.5625,8.53125,2.96875],"tintindex":0,"rotation":0,"texture":"#0"}}},{"from":[3.7426405,8.25,7.8499985],"to":[12.2426405,12.25,26.099998],"faces":{"east":{"uv":[0.0,2.53125,1.125,2.78125],"tintindex":0,"rotation":0,"texture":"#0"},"south":{"uv":[2.78125,2.53125,3.3125,2.78125],"tintindex":0,"rotation":0,"texture":"#0"},"north":{"uv":[1.125,2.53125,1.65625,2.78125],"tintindex":0,"rotation":0,"texture":"#0"},"west":{"uv":[1.65625,2.53125,2.78125,2.78125],"tintindex":0,"rotation":0,"texture":"#0"},"up":{"uv":[1.65625,2.53125,1.125,1.40625],"tintindex":0,"rotation":0,"texture":"#0"},"down":{"uv":[2.1875,1.40625,1.65625,2.53125],"tintindex":0,"rotation":0,"texture":"#0"}}}],"display":{"head":{"rotation":[0.0,0.0,0.0]},"firstperson_righthand":{"rotation":[0.0,0.0,0.0]},"thirdperson_lefthand":{"rotation":[0.0,-0.0,-0.0]},"firstperson_lefthand":{"rotation":[0.0,-0.0,-0.0]},"fixed":{"rotation":[0.0,0.0,0.0]},"ground":{"rotation":[0.0,0.0,0.0]},"thirdperson_righthand":{"rotation":[0.0,0.0,0.0]},"gui":{"rotation":[-150.0,-45.0,180.0]}}}