{"textures":{"0":"ausmobs:entity/dragon_navidad_gm"},"elements":[{"from":[7.9824796,-3.0668983,2.0591202],"to":[7.9824796,4.933102,9.05912],"faces":{"east":{"uv":[0.90625,9.09375,1.34375,9.59375],"tintindex":0,"rotation":0,"texture":"#0"},"west":{"uv":[1.34375,9.09375,1.78125,9.59375],"tintindex":0,"rotation":0,"texture":"#0"}},"rotation":{"origin":[8.017521,3.4331021,5.93412],"angle":45.0,"axis":"x"}},{"from":[5.20365,-3.4301624,2.0591202],"to":[5.20365,4.569838,9.05912],"faces":{"east":{"uv":[6.25,8.90625,6.6875,9.40625],"tintindex":0,"rotation":0,"texture":"#0"},"west":{"uv":[6.6875,8.90625,7.125,9.40625],"tintindex":0,"rotation":0,"texture":"#0"}},"rotation":{"origin":[8.017521,3.4331021,5.93412],"angle":-22.5,"axis":"z"}},{"from":[4.2324796,3.4331021,4.05912],"to":[11.732479,8.433102,8.55912],"faces":{"east":{"uv":[1.09375,7.84375,1.375,8.15625],"tintindex":0,"rotation":0,"texture":"#0"},"south":{"uv":[2.125,7.84375,2.59375,8.15625],"tintindex":0,"rotation":0,"texture":"#0"},"north":{"uv":[1.375,7.84375,1.84375,8.15625],"tintindex":0,"rotation":0,"texture":"#0"},"west":{"uv":[1.84375,7.84375,2.125,8.15625],"tintindex":0,"rotation":0,"texture":"#0"},"up":{"uv":[1.84375,7.84375,1.375,7.5625],"tintindex":0,"rotation":0,"texture":"#0"},"down":{"uv":[2.3125,7.5625,1.84375,7.84375],"tintindex":0,"rotation":0,"texture":"#0"}},"rotation":{"origin":[8.017521,3.9331021,5.93412],"angle":22.5,"axis":"x"}},{"from":[10.988283,-4.5513935,4.05912],"to":[10.988283,3.448607,11.05912],"faces":{"east":{"uv":[0.0,9.09375,0.4375,9.59375],"tintindex":0,"rotation":0,"texture":"#0"},"west":{"uv":[0.4375,9.09375,0.875,9.59375],"tintindex":0,"rotation":0,"texture":"#0"}},"rotation":{"origin":[8.017521,3.4331021,5.93412],"angle":45.0,"axis":"x"}}],"display":{"gui":{"rotation":[30,225,0]}}}