{"textures":{"0":"ausmobs:entity/polo_presente1"},"elements":[{"from":[1.5096993,-1.8237095,1.8702717],"to":[14.490301,11.156891,14.850873],"faces":{"east":{"uv":[6.375,1.5,7.5,2.625],"tintindex":0,"rotation":0,"texture":"#0"},"south":{"uv":[6.375,2.625,7.5,3.75],"tintindex":0,"rotation":0,"texture":"#0"},"north":{"uv":[1.25,6.375,2.375,7.5],"tintindex":0,"rotation":0,"texture":"#0"},"west":{"uv":[0.0,6.5,1.125,7.625],"tintindex":0,"rotation":0,"texture":"#0"},"up":{"uv":[7.875,7.375,6.75,6.25],"tintindex":0,"rotation":0,"texture":"#0"},"down":{"uv":[3.5,7.0,2.375,8.125],"tintindex":0,"rotation":0,"texture":"#0"}}},{"from":[0.0996995,9.59729,0.46027184],"to":[15.900301,12.707891,16.260872],"faces":{"east":{"uv":[5.0,7.0,6.375,7.25],"tintindex":0,"rotation":0,"texture":"#0"},"south":{"uv":[7.0,5.125,8.375,5.375],"tintindex":0,"rotation":0,"texture":"#0"},"north":{"uv":[7.0,4.875,8.375,5.125],"tintindex":0,"rotation":0,"texture":"#0"},"west":{"uv":[7.0,5.375,8.375,5.625],"tintindex":0,"rotation":0,"texture":"#0"},"up":{"uv":[4.375,6.25,3.0,4.875],"tintindex":0,"rotation":0,"texture":"#0"},"down":{"uv":[5.75,4.875,4.375,6.25],"tintindex":0,"rotation":0,"texture":"#0"}}},{"from":[5.8365664,12.130976,7.6394277],"to":[10.163433,16.457844,7.6394277],"faces":{"south":{"uv":[7.0,5.625,7.375,6.0],"tintindex":0,"rotation":0,"texture":"#0"},"north":{"uv":[2.375,6.375,2.75,6.75],"tintindex":0,"rotation":0,"texture":"#0"}}}],"display":{"gui":{"rotation":[30,225,0]}}}