{"textures":{"0":"ausmobs:entity/copitos_gm_smooth"},"elements":[{"from":[8.160988,0.22130013,-0.104724884],"to":[8.160988,17.4068,16.176275],"faces":{"east":{"uv":[4.25,0.0,8.375,4.25],"tintindex":0,"rotation":0,"texture":"#0"},"west":{"uv":[4.25,4.25,8.375,8.5],"tintindex":0,"rotation":0,"texture":"#0"}}},{"from":[-0.2761755,0.22130013,8.113062],"to":[16.004826,17.4068,8.113062],"faces":{"south":{"uv":[0.0,4.25,4.125,8.5],"tintindex":0,"rotation":0,"texture":"#0"},"north":{"uv":[0.0,0.0,4.125,4.25],"tintindex":0,"rotation":0,"texture":"#0"}}}],"display":{"gui":{"rotation":[30,225,0]}}}