{"textures":{"0":"ausmobs:entity/dragon_navidad_gm","particle":"#0"},"elements":[{"from":[10.139531,-11.063648,12.994532],"to":[10.139531,4.936352,26.994532],"faces":{"east":{"uv":[0.0,9.09375,0.4375,9.59375],"tintindex":0,"rotation":0,"texture":"#0"},"west":{"uv":[0.4375,9.09375,0.875,9.59375],"tintindex":0,"rotation":0,"texture":"#0"}}}],"display":{"head":{"rotation":[93.6564,21.40584,7.099992]},"firstperson_righthand":{"rotation":[93.6564,21.40584,7.099992]},"thirdperson_lefthand":{"rotation":[93.6564,-21.40584,-7.099992]},"firstperson_lefthand":{"rotation":[93.6564,-21.40584,-7.099992]},"fixed":{"rotation":[93.6564,21.40584,7.099992]},"ground":{"rotation":[93.6564,21.40584,7.099992]},"thirdperson_righthand":{"rotation":[93.6564,21.40584,7.099992]},"gui":{"rotation":[102.102295,-12.4795,140.81854]}}}