{"textures":{"0":"ausmobs:entity/dragon_navidad_gm","particle":"#0"},"elements":[{"from":[6.2389994,-14.9700985,-0.0718956],"to":[6.2389994,1.0299015,13.928104],"faces":{"east":{"uv":[6.25,8.90625,6.6875,9.40625],"tintindex":0,"rotation":0,"texture":"#0"},"west":{"uv":[6.6875,8.90625,7.125,9.40625],"tintindex":0,"rotation":0,"texture":"#0"}}}],"display":{"head":{"rotation":[22.5,-7.3742456E-7,-22.5]},"firstperson_righthand":{"rotation":[22.5,-7.3742456E-7,-22.5]},"thirdperson_lefthand":{"rotation":[22.5,7.3742456E-7,22.5]},"firstperson_lefthand":{"rotation":[22.5,7.3742456E-7,22.5]},"fixed":{"rotation":[22.5,-7.3742456E-7,-22.5]},"ground":{"rotation":[22.5,-7.3742456E-7,-22.5]},"thirdperson_righthand":{"rotation":[22.5,-7.3742456E-7,-22.5]},"gui":{"rotation":[179.63881,-40.78947,136.55898]}}}