{"textures":{"0":"ausmobs:entity/dragon_navidad_gm","particle":"#0"},"elements":[{"from":[6.2311378,-7.5021143,7.5540433],"to":[6.2311378,0.49788618,14.554043],"faces":{"east":{"uv":[0.0,6.0625,0.4375,6.5625],"tintindex":0,"rotation":0,"texture":"#0"},"west":{"uv":[0.4375,6.0625,0.875,6.5625],"tintindex":0,"rotation":0,"texture":"#0"}}}],"display":{"head":{"rotation":[16.240742,6.6079583,21.556126]},"firstperson_righthand":{"rotation":[16.240742,6.6079583,21.556126]},"thirdperson_lefthand":{"rotation":[16.240742,-6.6079583,-21.556126]},"firstperson_lefthand":{"rotation":[16.240742,-6.6079583,-21.556126]},"fixed":{"rotation":[16.240742,6.6079583,21.556126]},"ground":{"rotation":[16.240742,6.6079583,21.556126]},"thirdperson_righthand":{"rotation":[16.240742,6.6079583,21.556126]},"gui":{"rotation":[-175.10239,-49.090958,-176.02086]}}}