{"textures":{"0":"modelengine:entity/skeleton_chest","particle":"#0"},"elements":[{"from":[3.025,6.1813984,6.2434893],"to":[4.975,13.681398,8.243489],"faces":{"east":{"uv":[12.5,5.875,12.25,6.75],"tintindex":0,"rotation":0,"texture":"#0"},"south":{"uv":[12.5,5.0,12.25,5.875],"tintindex":0,"rotation":0,"texture":"#0"},"north":{"uv":[12.25,11.5,12.0,12.375],"tintindex":0,"rotation":0,"texture":"#0"},"west":{"uv":[12.5,1.25,12.25,2.125],"tintindex":0,"rotation":0,"texture":"#0"},"up":{"uv":[5.25,12.875,5.5,12.625],"tintindex":0,"rotation":0,"texture":"#0"},"down":{"uv":[5.5,12.625,5.75,12.875],"tintindex":0,"rotation":0,"texture":"#0"}},"rotation":{"origin":[16.0,12.181398,0.24348927],"angle":-22.5,"axis":"x"}},{"from":[18.525,6.1813984,6.2434893],"to":[20.475,13.681398,8.243489],"faces":{"east":{"uv":[5.0,11.875,5.25,12.75],"tintindex":0,"rotation":0,"texture":"#0"},"south":{"uv":[3.125,12.0,3.375,12.875],"tintindex":0,"rotation":0,"texture":"#0"},"north":{"uv":[4.75,11.875,5.0,12.75],"tintindex":0,"rotation":0,"texture":"#0"},"west":{"uv":[3.375,12.0,3.625,12.875],"tintindex":0,"rotation":0,"texture":"#0"},"up":{"uv":[12.75,11.25,12.5,11.0],"tintindex":0,"rotation":0,"texture":"#0"},"down":{"uv":[12.75,11.25,12.5,11.5],"tintindex":0,"rotation":0,"texture":"#0"}},"rotation":{"origin":[7.5,12.181398,0.24348927],"angle":-22.5,"axis":"x"}},{"from":[-4.4750004,6.1813984,-6.6888],"to":[-2.5249996,13.681398,-4.6888],"faces":{"east":{"uv":[11.75,11.5,12.0,12.375],"tintindex":0,"rotation":0,"texture":"#0"},"south":{"uv":[1.0,11.875,1.25,12.75],"tintindex":0,"rotation":0,"texture":"#0"},"north":{"uv":[10.375,11.75,10.625,12.625],"tintindex":0,"rotation":0,"texture":"#0"},"west":{"uv":[1.25,11.875,1.5,12.75],"tintindex":0,"rotation":0,"texture":"#0"},"up":{"uv":[12.25,7.0,12.0,6.75],"tintindex":0,"rotation":0,"texture":"#0"},"down":{"uv":[12.25,7.0,12.0,7.25],"tintindex":0,"rotation":0,"texture":"#0"}},"rotation":{"origin":[8.5,12.181398,1.3112001],"angle":22.5,"axis":"x"}},{"from":[-4.4750004,6.1813984,6.2434893],"to":[-2.5249996,13.681398,8.243489],"faces":{"east":{"uv":[12.0,5.875,12.25,6.75],"tintindex":0,"rotation":0,"texture":"#0"},"south":{"uv":[8.625,12.0,8.875,12.875],"tintindex":0,"rotation":0,"texture":"#0"},"north":{"uv":[12.0,5.0,12.25,5.875],"tintindex":0,"rotation":0,"texture":"#0"},"west":{"uv":[8.875,12.0,9.125,12.875],"tintindex":0,"rotation":0,"texture":"#0"},"up":{"uv":[12.75,11.75,12.5,11.5],"tintindex":0,"rotation":0,"texture":"#0"},"down":{"uv":[12.75,11.75,12.5,12.0],"tintindex":0,"rotation":0,"texture":"#0"}},"rotation":{"origin":[8.5,12.181398,0.24348927],"angle":-22.5,"axis":"x"}},{"from":[-4.0,9.938463,-5.4187565],"to":[20.0,15.513464,6.981244],"faces":{"east":{"uv":[3.25,9.25,4.75,10.0],"tintindex":0,"rotation":0,"texture":"#0"},"south":{"uv":[8.125,7.75,11.125,8.5],"tintindex":0,"rotation":0,"texture":"#0"},"north":{"uv":[5.125,7.75,8.125,8.5],"tintindex":0,"rotation":0,"texture":"#0"},"west":{"uv":[9.25,9.25,10.75,10.0],"tintindex":0,"rotation":0,"texture":"#0"},"up":{"uv":[9.0,6.25,6.0,4.75],"tintindex":0,"rotation":0,"texture":"#0"},"down":{"uv":[9.0,6.25,6.0,7.75],"tintindex":0,"rotation":0,"texture":"#0"}}},{"from":[11.025,6.1813984,6.2434893],"to":[12.975,13.681398,8.243489],"faces":{"east":{"uv":[12.25,1.25,12.5,2.125],"tintindex":0,"rotation":0,"texture":"#0"},"south":{"uv":[12.25,5.0,12.5,5.875],"tintindex":0,"rotation":0,"texture":"#0"},"north":{"uv":[12.0,11.5,12.25,12.375],"tintindex":0,"rotation":0,"texture":"#0"},"west":{"uv":[12.25,5.875,12.5,6.75],"tintindex":0,"rotation":0,"texture":"#0"},"up":{"uv":[5.5,12.875,5.25,12.625],"tintindex":0,"rotation":0,"texture":"#0"},"down":{"uv":[5.75,12.625,5.5,12.875],"tintindex":0,"rotation":0,"texture":"#0"}},"rotation":{"origin":[0.0,12.181398,0.24348927],"angle":-22.5,"axis":"x"}},{"from":[-5.5,6.970186,-8.722656],"to":[21.5,9.970186,10.277345],"faces":{"east":{"uv":[6.625,4.125,9.0,4.5],"tintindex":0,"rotation":0,"texture":"#0"},"south":{"uv":[9.25,8.875,12.625,9.25],"tintindex":0,"rotation":0,"texture":"#0"},"north":{"uv":[9.25,8.5,12.625,8.875],"tintindex":0,"rotation":0,"texture":"#0"},"west":{"uv":[9.625,1.75,12.0,2.125],"tintindex":0,"rotation":0,"texture":"#0"},"up":{"uv":[3.375,2.375,0.0,0.0],"tintindex":0,"rotation":0,"texture":"#0"},"down":{"uv":[3.375,2.375,0.0,4.75],"tintindex":0,"rotation":0,"texture":"#0"}}},{"from":[-7.060114,4.341075,-3.7226553],"to":[-7.060114,9.341075,5.2773447],"faces":{"east":{"uv":[2.125,10.125,1.0,10.75],"tintindex":0,"rotation":0,"texture":"#0"},"west":{"uv":[1.0,10.125,2.125,10.75],"tintindex":0,"rotation":0,"texture":"#0"}},"rotation":{"origin":[-8.360113,4.891074,0.7773447],"angle":-22.5,"axis":"z"}},{"from":[18.525,6.1813984,-6.6888],"to":[20.475,13.681398,-4.6888],"faces":{"east":{"uv":[1.75,11.875,2.0,12.75],"tintindex":0,"rotation":0,"texture":"#0"},"south":{"uv":[4.25,11.875,4.5,12.75],"tintindex":0,"rotation":0,"texture":"#0"},"north":{"uv":[1.5,11.875,1.75,12.75],"tintindex":0,"rotation":0,"texture":"#0"},"west":{"uv":[4.5,11.875,4.75,12.75],"tintindex":0,"rotation":0,"texture":"#0"},"up":{"uv":[12.75,10.75,12.5,10.5],"tintindex":0,"rotation":0,"texture":"#0"},"down":{"uv":[12.75,10.75,12.5,11.0],"tintindex":0,"rotation":0,"texture":"#0"}},"rotation":{"origin":[7.5,12.181398,1.3112001],"angle":22.5,"axis":"x"}},{"from":[3.025,6.1813984,-6.6888],"to":[4.975,13.681398,-4.6888],"faces":{"east":{"uv":[4.125,12.375,3.875,13.25],"tintindex":0,"rotation":0,"texture":"#0"},"south":{"uv":[3.875,12.375,3.625,13.25],"tintindex":0,"rotation":0,"texture":"#0"},"north":{"uv":[10.875,12.25,10.625,13.125],"tintindex":0,"rotation":0,"texture":"#0"},"west":{"uv":[12.5,11.5,12.25,12.375],"tintindex":0,"rotation":0,"texture":"#0"},"up":{"uv":[6.875,12.875,7.125,12.625],"tintindex":0,"rotation":0,"texture":"#0"},"down":{"uv":[12.625,7.0,12.875,7.25],"tintindex":0,"rotation":0,"texture":"#0"}},"rotation":{"origin":[16.0,12.181398,1.3112001],"angle":22.5,"axis":"x"}},{"from":[18.5125,14.553684,-5.4895],"to":[20.4875,16.628685,7.0605006],"faces":{"east":{"uv":[10.75,9.5,12.375,9.75],"tintindex":0,"rotation":0,"texture":"#0"},"south":{"uv":[12.625,0.0,12.875,0.25],"tintindex":0,"rotation":0,"texture":"#0"},"north":{"uv":[12.5,12.5,12.75,12.75],"tintindex":0,"rotation":0,"texture":"#0"},"west":{"uv":[10.75,9.75,12.375,10.0],"tintindex":0,"rotation":0,"texture":"#0"},"up":{"uv":[0.5,12.5,0.25,10.875],"tintindex":0,"rotation":0,"texture":"#0"},"down":{"uv":[0.75,10.875,0.5,12.5],"tintindex":0,"rotation":0,"texture":"#0"}}},{"from":[-3.9750004,6.6813984,-6.1888],"to":[19.975,12.681398,-3.6887999],"faces":{"east":{"uv":[6.125,11.75,6.5,12.5],"tintindex":0,"rotation":0,"texture":"#0"},"south":{"uv":[3.0,8.5,6.0,9.25],"tintindex":0,"rotation":0,"texture":"#0"},"north":{"uv":[0.0,8.375,3.0,9.125],"tintindex":0,"rotation":0,"texture":"#0"},"west":{"uv":[10.0,11.75,10.375,12.5],"tintindex":0,"rotation":0,"texture":"#0"},"up":{"uv":[12.625,0.375,9.625,0.0],"tintindex":0,"rotation":0,"texture":"#0"},"down":{"uv":[12.625,0.375,9.625,0.75],"tintindex":0,"rotation":0,"texture":"#0"}},"rotation":{"origin":[6.5,12.181398,1.3112001],"angle":22.5,"axis":"x"}},{"from":[11.025,6.1813984,-6.6888],"to":[12.975,13.681398,-4.6888],"faces":{"east":{"uv":[12.25,11.5,12.5,12.375],"tintindex":0,"rotation":0,"texture":"#0"},"south":{"uv":[3.625,12.375,3.875,13.25],"tintindex":0,"rotation":0,"texture":"#0"},"north":{"uv":[10.625,12.25,10.875,13.125],"tintindex":0,"rotation":0,"texture":"#0"},"west":{"uv":[3.875,12.375,4.125,13.25],"tintindex":0,"rotation":0,"texture":"#0"},"up":{"uv":[7.125,12.875,6.875,12.625],"tintindex":0,"rotation":0,"texture":"#0"},"down":{"uv":[12.875,7.0,12.625,7.25],"tintindex":0,"rotation":0,"texture":"#0"}},"rotation":{"origin":[0.0,12.181398,1.3112001],"angle":22.5,"axis":"x"}},{"from":[11.012501,14.553684,-5.4895],"to":[12.9875,16.628685,7.0605006],"faces":{"east":{"uv":[7.0,10.875,8.625,11.125],"tintindex":0,"rotation":0,"texture":"#0"},